{"cameraMode":{"drawMode":0,"name":"Shaded","section":"Shading Mode"},"sceneLighting":true,"audioPlay":false,"sceneViewState":{"showFog":true,"showMaterialUpdate":false,"showSkybox":true,"showFlares":true,"showImageEffects":true,"showParticleSystems":true},"in2DMode":false,"pivot":{"x":209.95742797851563,"y":43.84599304199219,"z":57.86003112792969},"rotation":{"x":0.16052353382110597,"y":0.5125268697738648,"z":-0.09821824729442597,"w":0.8378409743309021},"size":114.57574462890625,"orthographic":false}