{"cameraMode":{"drawMode":0,"name":"Shaded","section":"Shading Mode"},"sceneLighting":false,"audioPlay":false,"sceneViewState":{"showFog":true,"showMaterialUpdate":false,"showSkybox":false,"showFlares":true,"showImageEffects":true,"showParticleSystems":true},"in2DMode":false,"pivot":{"x":0.7909905910491943,"y":3.9074056148529054,"z":-0.43100014328956606},"rotation":{"x":-0.06971102952957154,"y":0.6735407710075378,"z":-0.0640508309006691,"w":-0.7330764532089233},"size":2.872281312942505,"orthographic":false}