{"cameraMode":{"drawMode":0,"name":"Shaded","section":"Shading Mode"},"sceneLighting":false,"audioPlay":false,"sceneViewState":{"showFog":true,"showMaterialUpdate":false,"showSkybox":false,"showFlares":true,"showImageEffects":true,"showParticleSystems":true},"in2DMode":false,"pivot":{"x":-0.2843198776245117,"y":-0.6489298343658447,"z":-0.3734145760536194},"rotation":{"x":-0.17164169251918794,"y":0.7190795540809631,"z":-0.19114533066749574,"w":-0.6457192897796631},"size":3.8405728340148927,"orthographic":false}