{"cameraMode":{"drawMode":0,"name":"Shaded","section":"Shading Mode"},"sceneLighting":true,"audioPlay":false,"sceneViewState":{"showFog":true,"showMaterialUpdate":false,"showSkybox":true,"showFlares":true,"showImageEffects":true,"showParticleSystems":true},"in2DMode":false,"pivot":{"x":-75.61698150634766,"y":-129.85301208496095,"z":-114.14257049560547},"rotation":{"x":-0.11465591937303543,"y":0.883033812046051,"z":-0.3540363609790802,"w":-0.28597763180732729},"size":113.02679443359375,"orthographic":false}