{"cameraMode":{"drawMode":2,"name":"Shaded Wireframe","section":"Shading Mode"},"sceneLighting":true,"audioPlay":false,"sceneViewState":{"showFog":true,"showMaterialUpdate":false,"showSkybox":true,"showFlares":true,"showImageEffects":true,"showParticleSystems":true},"in2DMode":false,"pivot":{"x":74.61319732666016,"y":2.8593597412109377,"z":18.144559860229493},"rotation":{"x":-0.16867713630199433,"y":0.46160081028938296,"z":-0.0898827537894249,"w":-0.8662527799606323},"size":40.672210693359378,"orthographic":false}