{"cameraMode":{"drawMode":2,"name":"Shaded Wireframe","section":"Shading Mode"},"sceneLighting":true,"audioPlay":false,"sceneViewState":{"showFog":true,"showMaterialUpdate":false,"showSkybox":true,"showFlares":true,"showImageEffects":true,"showParticleSystems":true},"in2DMode":false,"pivot":{"x":26.844160079956056,"y":12.357216835021973,"z":20.264009475708009},"rotation":{"x":-0.5435118079185486,"y":-0.020897796377539636,"z":0.013538172468543053,"w":-0.8390321135520935},"size":35.424842834472659,"orthographic":false}