{"cameraMode":{"drawMode":0,"name":"Shaded","section":"Shading Mode"},"sceneLighting":true,"audioPlay":false,"sceneViewState":{"showFog":true,"showMaterialUpdate":false,"showSkybox":true,"showFlares":true,"showImageEffects":true,"showParticleSystems":true},"in2DMode":false,"pivot":{"x":47.07665252685547,"y":3.5179176330566408,"z":20.342771530151368},"rotation":{"x":-0.6539583802223206,"y":-0.0029528336599469187,"z":0.002552570076659322,"w":-0.7565205097198486},"size":62.79927444458008,"orthographic":false}