{"cameraMode":{"drawMode":2,"name":"Shaded Wireframe","section":"Shading Mode"},"sceneLighting":true,"audioPlay":false,"sceneViewState":{"showFog":true,"showMaterialUpdate":false,"showSkybox":true,"showFlares":true,"showImageEffects":true,"showParticleSystems":true},"in2DMode":false,"pivot":{"x":49.46242141723633,"y":-3.39544677734375,"z":22.138996124267579},"rotation":{"x":-0.24973264336585999,"y":0.17658042907714845,"z":-0.04637184739112854,"w":-0.9509482979774475},"size":35.424842834472659,"orthographic":false}