{"cameraMode":{"drawMode":0,"name":"Shaded","section":"Shading Mode"},"sceneLighting":true,"audioPlay":false,"sceneViewState":{"showFog":true,"showMaterialUpdate":false,"showSkybox":true,"showFlares":true,"showImageEffects":true,"showParticleSystems":true},"in2DMode":false,"pivot":{"x":27.647415161132814,"y":10.783947944641114,"z":26.693359375},"rotation":{"x":-0.14797817170619965,"y":-0.2040334939956665,"z":0.031216612085700036,"w":-0.9672116637229919},"size":38.684810638427737,"orthographic":false}